<?xml version="1.0" encoding="UTF-8" ?>
<!DOCTYPE mapper
  PUBLIC "-//mybatis.org//DTD Mapper 3.0//EN"
  "https://mybatis.org/dtd/mybatis-3-mapper.dtd">
<mapper namespace="com.ssafy.web.repository.**">
	<!-- <resultMap id="boardMap" type="boardDTO">
		<result column="no" property="no" jdbcType="INTEGER" javaType="String"/>
		<result column="userid" property="userId" jdbcType="VARCHAR" javaType="String"/>
		<result column="title" property="title" jdbcType="VARCHAR" javaType="String"/>
		<result column="content" property="content" jdbcType="VARCHAR" javaType="String"/>
	</resultMap> -->
	
	<select id="list" resultMap="boardMap">
		select no, userid, title, content from board 
	</select>
	
	<!-- <select id="list" parameterType="string" resultMap="boardMap">
		select no, userid, title, content from board where no = #{no}
	</select>  -->
	
	<insert id="write" parameterType="boardDto">
		insert into board (userid, title, content)
		values(#{userId},#{title},#{content})
	</insert>
	
	<!-- BoardRepository 함수랑 이름 매칭해야... -->
	<delete id = "delete" parameterType="java.util.List">
		delete from board
		where no in
		<foreach item="item" index = "index" collection = "list"
			open = "(" separator = "," close = ")">
			#{item}
		</foreach>
	</delete>
</mapper>