<?xml version="1.0" encoding="UTF-8" ?>
<!DOCTYPE mapper
  PUBLIC "-//mybatis.org//DTD Mapper 3.0//EN"
  "https://mybatis.org/dtd/mybatis-3-mapper.dtd">
<mapper namespace="com.ssafy.web.repository.InfoBoardRepository">
	<!-- DTO & Map Instance Declaration -->
	<!-- infoBoard Type -->
	<resultMap id="boardMap" type="infoBoardDto">
		<result column="board_id" property="board_id"
			jdbcType="INTEGER" javaType="int" />
		<result column="user_id" property="user_id" jdbcType="VARCHAR"
			javaType="String" />
		<result column="title" property="title" jdbcType="VARCHAR"
			javaType="String" />
		<result column="content" property="content" jdbcType="VARCHAR"
			javaType="String" />
		<result column="hit" property="hit" jdbcType="INTEGER"
			javaType="int" />
		<result column="register_time" property="registerTime"
			jdbcType="TIMESTAMP" javaType="String" />
	</resultMap>

	<!-- infoBoard DML Section -->
	<select id="selectBoardList" parameterType="java.util.Map"
		resultMap="boardMap">
		select * from info_board
		<where>
			<if test="word != null and word != '' ">
				<if test="key == 'title'">
					and title like concat('%', #{word}, '%')
				</if>
				<if test="key != 'title' ">
					and ${key} = #{word}
				</if>
			</if>
		</where>
		<!-- int type을 넘겨줘야 하므로 map은 Map<String, Integer> 타입 -->
		order by board_id desc limit #{start}, #{listsize}
	</select>

	<select id="selectBoardCount" resultType="int"
		parameterType="java.util.Map">
		select count(board_id)
		from info_board
		<where>
			<if test="word != null and word != ''">
				<if test="key == 'title'">
					and title like concat('%', #{word}, '%')
				</if>
				<if test="key != 'title'">
					and ${key} = #{word}
				</if>
			</if>
		</where>
	</select>
	<select id="selectBoardOne" parameterType="int"
		resultMap="boardMap">
		select * from board where board_id = #{board_id}
	</select>
	<select id="selectRowId" resultType="int">
		select max(board_id) from
		info_board;
	</select>

	<insert id="boardInsert" parameterType="infoBoardDto">
		insert into info_board
		(user_id, title, content, hit)
		values(#{user_id},#{title},#{content},#{hit})
	</insert>

	<update id="boardUpdate" parameterType="infoBoardDto">
		update info_board set
		title = #{title}, content = #{content} where
		board_id = #{board_id}
	</update>
	<update id="updateHit" parameterType="int">
		update info_board set hit =
		hit + 1 where board_id = #{board_id}
	</update>
	<delete id="boardDelete" parameterType="java.util.List">
		delete from info_board
		where board_id in
		<foreach item="item" index="index" collection="list" open="("
			separator="," close=")">
			#{item}
		</foreach>
	</delete>
</mapper>