<?xml version="1.0" encoding="UTF-8"?>
<!DOCTYPE mapper
  PUBLIC "-//mybatis.org//DTD Mapper 3.0//EN"
  "https://mybatis.org/dtd/mybatis-3-mapper.dtd">
<mapper namespace="com.ssafy.web.repository.UserRepository">
	<!-- User Type -->
	<resultMap id="userMap" type="userDto">
		<result column="user_id" property="userId" jdbcType="VARCHAR"
			javaType="String" />
		<result column="user_name" property="userName"
			jdbcType="VARCHAR" javaType="String" />
		<result column="user_password" property="userPwd"
			jdbcType="VARCHAR" javaType="String" />
		<result column="email_id" property="emailId" jdbcType="VARCHAR"
			javaType="String" />
		<result column="email_domain" property="emailDomain"
			jdbcType="VARCHAR" javaType="String" />
		<result column="join_date" property="joinDate"
			jdbcType="TIMESTAMP" javaType="String" />
		<result column="role" property="role"
			jdbcType="INTEGER" javaType="int"/>
	</resultMap>

	<!-- User DML Section -->
	<select id="selectUserList" resultMap="userMap">
		select user_id,
		user_name, user_password, email_id, email_domain, join_date from
		user
	</select>
	<select id="selectUserOne" parameterType="string"
		resultMap="userMap">
		select * from user where user_id = #{user_id}
	</select>
	<select id="loginUser" parameterType="java.util.Map"
		resultMap="userMap">
		select * from user where user_id = #{userId} and
		user_password = #{userPwd}
	</select>
	<select id="selectUserCount" resultType="int">
		select count(*) from
		user;
	</select>
	<insert id="userInsert" parameterType="userDto">
		insert into user (user_id, user_name, user_password, email_id,
		email_domain, role)
		<!-- values(#{userId},#{title},#{content}) -->
		values(#{userId}, #{userName}, #{userPwd}, #{emailId}, #{emailDomain}, #{role})
	</insert>
	<update id="userUpdate" parameterType="java.util.Map">
		<!-- update board set no = #{no}, userid = #{userid}, title = #{title}, 
			content = #{content} -->
		update user set user_password = #{userPwd} where user_id = #{userId}
	</update>
	<delete id="userDelete" parameterType="string">
		delete from user
		where user_id = #{userId}
	</delete>
</mapper>